id;nome;sexo;dt_nasc
1;Lavinia Sousa;F;5/2/1975
2;Caio Pereira;M;4/16/1978
3;Júlio Azevedo;M;11/4/1952
4;Sarah Goncalves;F;2/24/1937
5;Gabrielle Martins;F;5/6/1953
6;Felipe Almeida;M;10/11/1976
7;Rebeca Rodrigues;F;11/27/1979
8;Gabrielly Almeida;F;7/14/1997
9;Fernanda Silva;F;1/25/1959
10;Tomás Rodrigues;M;4/10/1935
11;Ana Cunha;F;2/12/2002
12;Vinicius Rodrigues;M;4/13/1951
13;Emilly Goncalves;F;9/12/1955
14;Eduardo Santos;M;7/22/1980
15;Gustavo Barbosa;M;4/19/1936
16;Kai Ferreira;M;9/3/1985
17;Diego Carvalho;M;1/17/1957
18;Antônio Azevedo;M;4/15/1941
19;Luis Araujo;M;1/22/1966
20;Kauan Barros;M;1/4/1963
21;Gustavo Cardoso;M;10/13/1939
22;Ágatha Cardoso;F;1/29/1997
23;Gabrielly Castro;F;12/29/1980
24;Bruna Barbosa;F;7/16/1951
25;Otávio Carvalho;M;8/9/1943
26;Isabella Lima;F;8/12/1987
27;Enzo Costa;M;8/23/1988
28;Pedro Rocha;M;7/19/1943
29;Samuel Martins;M;2/13/1956
30;Mariana Cavalcanti;F;8/24/1941
31;Luis Rodrigues;M;8/7/1935
32;Luana Rocha;F;9/17/1986
33;Antônio Gomes;M;10/7/1997
34;Arthur Alves;M;5/30/1954
35;Luiza Melo;F;10/23/1985
36;Felipe Azevedo;M;10/13/1964
37;Emily Araujo;F;6/15/1989
38;Leonardo Sousa;M;4/26/1958
39;Giovana Barbosa;F;10/7/1962
40;Camila Cunha;F;10/18/1968
41;Tânia Cardoso;F;12/11/1967
42;Gabriela Cavalcanti;F;2/11/1983
43;Rafael Ferreira;M;3/6/1940
44;André Cavalcanti;M;4/12/1972
45;Maria Oliveira;F;1/9/1984
46;Isabela Pinto;F;11/10/1944
47;Ágatha Goncalves;F;4/18/1936
48;Diogo Alves;M;9/2/1981
49;Rafael Melo;M;9/3/1972
50;Tânia Azevedo;F;9/20/1998
51;Evelyn Castro;F;11/18/1936
52;Isabela Gomes;F;5/30/1970
53;Julieta Alves;F;12/26/1988
54;Beatrice Goncalves;F;1/1/1937
55;Evelyn Melo;F;4/13/1983
56;Rafael Santos;M;8/1/1948
57;Emily Silva;F;4/21/1986
58;Rodrigo Souza;M;12/30/1999
59;Rodrigo Ribeiro;M;11/5/1941
60;Camila Azevedo;F;12/11/1975
61;Laura Barbosa;F;10/11/1969
62;Kauan Araujo;M;10/8/1982
63;Bianca Araujo;F;1/31/1964
64;Tânia Costa;F;5/13/1959
65;Luiza Araujo;F;1/19/1976
66;Leila Araujo;F;10/24/1982
67;Anna Melo;F;11/6/1995
68;Erick Ferreira;M;6/14/1973
69;Estevan Ribeiro;M;11/18/2002
70;Yasmin Fernandes;F;8/4/1992
71;Kauê Araujo;M;5/9/1973
72;Luana Oliveira;F;11/6/1967
73;Matheus Rodrigues;M;11/20/1982
74;Julia Carvalho;F;12/2/1949
75;Kai Fernandes;M;9/18/1961
76;Laura Oliveira;F;9/27/1953
77;Ryan Sousa;M;7/23/1938
78;Leila Sousa;F;8/22/1988
79;Thaís Pinto;F;9/5/1943
80;Anna Melo;F;8/10/1999
81;Rafaela Sousa;F;3/8/1987
82;Julian Azevedo;M;2/10/1991
83;Miguel Correia;M;10/8/1945
84;Alex Oliveira;M;3/14/1968
85;Giovana Correia;F;1/28/1990
86;Guilherme Castro;M;11/15/1986
87;Lara Fernandes;F;6/26/1963
88;Mariana Cardoso;F;9/11/1943
89;Fernanda Barbosa;F;4/18/1961
90;Eduardo Cardoso;M;7/14/1935
91;Nicole Sousa;F;1/2/1954
92;Danilo Silva;M;11/9/1998
93;Caio Barros;M;3/23/1970
94;Mariana Ferreira;F;12/16/1995
95;Fábio Correia;M;9/10/1996
96;Gabrielle Pinto;F;10/22/1940
97;Beatrice Goncalves;F;11/22/1964
98;Sophia Azevedo;F;1/23/1990
99;André Souza;M;1/24/1974
100;Luís Cardoso;M;6/23/1989
101;Davi Pereira;M;9/14/1995
102;Diego Lima;M;11/13/1949
103;Bianca Cavalcanti;F;9/25/1986
104;Isabella Castro;F;2/21/2001
105;Camila Ribeiro;F;4/9/1988
106;Laura Araujo;F;4/18/1974
107;Clara Gomes;F;7/12/1947
108;Emily Ribeiro;F;7/5/1994
109;Julieta Azevedo;F;6/30/1938
110;Enzo Dias;M;5/1/1965
111;Estevan Sousa;M;5/19/1973
112;Gabrielly Fernandes;F;10/5/2003
113;Douglas Gomes;M;10/28/1944
114;Arthur Lima;M;10/30/1977
115;Tomás Pereira;M;5/22/1999
116;Vinícius Oliveira;M;4/23/1976
117;Renan Fernandes;M;1/28/1993
118;Alex Sousa;M;12/28/1943
119;Alex Pereira;M;11/29/1987
120;Sofia Souza;F;2/23/1945
121;André Ferreira;M;9/17/1939
122;André Castro;M;2/16/1948
123;Thaís Sousa;F;11/4/1936
124;Rafaela Azevedo;F;9/8/1989
125;Sofia Almeida;F;4/15/1939
126;Vitor Cardoso;M;7/25/1963
127;Emilly Lima;F;1/27/1961
128;José Silva;M;3/28/1978
129;Sofia Ribeiro;F;7/26/1989
130;Lavinia Carvalho;F;10/8/1968
131;Enzo Souza;M;8/8/1998
132;Leonor Sousa;F;3/11/1998
133;Carlos Souza;M;11/7/1951
134;Fernanda Castro;F;11/29/1958
135;Júlia Azevedo;F;12/11/1987
136;Leila Costa;F;11/14/1963
137;Julian Pinto;M;11/12/2002
138;Alex Ferreira;M;2/4/1968
139;Kauê Araujo;M;5/31/1974
140;Leonor Sousa;F;8/2/1981
141;Luís Cunha;M;3/12/1941
142;Fábio Almeida;M;1/15/1947
143;Fábio Melo;M;9/23/1995
144;José Carvalho;M;4/18/1989
145;Luan Goncalves;M;10/19/1940
146;Breno Rocha;M;11/25/1959
147;Gabriela Martins;F;5/29/1957
148;Melissa Barros;F;5/21/1952
149;Mariana Azevedo;F;4/22/1990
150;Leila Oliveira;F;10/4/1962
151;Luiza Souza;F;3/25/1938
152;Miguel Dias;M;10/1/2000
153;Maria Almeida;F;6/7/2000
154;Marina Azevedo;F;8/19/1955
155;Luis Rodrigues;M;7/3/1973
156;Samuel Oliveira;M;7/27/1971
157;Marina Barbosa;F;7/19/2000
158;Gabrielle Castro;F;3/5/1996
159;Luís Almeida;M;4/16/1959
160;Luis Cavalcanti;M;4/16/1948
161;André Rocha;M;7/28/1943
162;Matheus Lima;M;1/13/1952
163;Ana Pereira;F;1/10/1967
164;Giovanna Araujo;F;9/30/1994
165;Emilly Rocha;F;10/1/1944
166;Marisa Ribeiro;F;6/28/1992
167;Joao Martins;M;8/30/1998
168;Vinicius Silva;M;8/15/1949
169;Matilde Almeida;F;5/23/1993
170;Lara Barbosa;F;1/8/1984
171;Isabella Carvalho;F;6/7/1980
172;Raissa Cardoso;F;11/3/1988
173;Alex Melo;M;9/18/1988
174;Rebeca Pereira;F;1/16/1956
175;Marcos Santos;M;2/8/2003
176;Maria Rodrigues;F;12/15/1964
177;Bianca Pinto;F;5/4/1994
178;Isabela Pinto;F;7/18/1939
179;Alex Melo;M;2/4/1983
180;Ryan Melo;M;12/15/1962
181;Thiago Silva;M;3/19/1953
182;Aline Silva;F;12/24/1979
183;Melissa Cavalcanti;F;7/23/1946
184;Vitór Almeida;M;9/10/1990
185;Sofia Silva;F;5/26/1955
186;Leonor Pinto;F;12/2/1999
187;Emilly Almeida;F;2/2/1968
188;Júlio Sousa;M;3/19/1956
189;Laura Azevedo;F;11/14/1984
190;Carolina Dias;F;11/3/1976
191;Anna Castro;F;2/11/1984
192;Luana Pinto;F;5/19/2002
193;Sofia Alves;F;10/4/1950
194;Cauã Carvalho;M;7/31/1975
195;Carlos Barros;M;6/3/1952
196;Tânia Pereira;F;7/10/1986
197;Marcos Martins;M;1/3/1981
198;Diogo Castro;M;2/17/1961
199;João Pinto;M;10/27/1971
200;Fernanda Alves;F;1/4/1960
201;Matilde Cavalcanti;F;1/9/1986
202;Lavinia Rocha;F;6/19/1966
203;Marcos Martins;M;8/28/1981
204;Laura Silva;F;1/26/1957
205;Camila Araujo;F;10/3/1993
206;Caio Pinto;M;4/12/1964
207;Breno Barros;M;11/18/1976
208;Kai Lima;M;1/13/2001
209;Douglas Pereira;M;5/28/1993
210;Carla Martins;F;7/17/1978
211;Matilde Alves;F;7/9/1984
212;Guilherme Carvalho;M;8/27/1962
213;Emilly Rocha;F;3/19/1990
214;Matilde Santos;F;12/27/1957
215;Luís Rocha;M;12/23/1991
216;Livia Cavalcanti;F;12/7/1966
217;Rafaela Almeida;F;7/25/2003
218;João Barbosa;M;3/2/1989
219;Douglas Rocha;M;1/10/1952
220;Kauan Almeida;M;4/12/1948
221;Estevan Souza;M;1/12/1962
222;Giovanna Cunha;F;7/26/1978
223;Martim Carvalho;M;7/21/1965
224;Luana Costa;F;11/19/1944
225;Miguel Almeida;M;1/9/1985
226;Eduarda Santos;F;1/10/1961
227;Davi Dias;M;2/6/1950
228;Kauê Correia;M;4/4/1981
229;Kauê Ribeiro;M;5/8/1961
230;Nicole Gomes;F;5/4/1995
231;Vitoria Ferreira;F;11/3/1985
232;Clara Rodrigues;F;8/18/1938
233;Gabrielle Ferreira;F;5/27/1954
234;Diego Goncalves;M;2/6/1941
235;Rafaela Ferreira;F;8/12/1985
236;Leila Costa;F;8/30/1995
237;Guilherme Dias;M;7/2/2002
238;Fernanda Souza;F;7/29/1939
239;Kauan Melo;M;6/9/1998
240;Renan Rocha;M;5/13/1997
241;Danilo Pereira;M;6/24/1988
242;Brenda Barros;F;4/13/1998
243;Sofia Barros;F;3/10/1984
244;Thiago Ribeiro;M;1/31/1935
245;Igor Dias;M;9/18/1975
246;Leonardo Melo;M;9/7/1961
247;Luís Alves;M;3/23/1950
248;André Castro;M;4/8/1974
249;Leonardo Barros;M;3/24/1960
250;Giovana Castro;F;12/19/1977
251;Anna Dias;F;6/13/2003
252;André Gomes;M;7/21/1993
253;Matilde Gomes;F;5/15/2003
254;Davi Santos;M;3/2/1997
255;Lucas Oliveira;M;10/24/1935
256;Carolina Castro;F;6/5/1945
257;Luís Ribeiro;M;7/4/1976
258;Gabrielle Barbosa;F;3/17/1967
259;Igor Pinto;M;4/21/1959
260;Vitória Azevedo;F;7/12/1985
261;Clara Melo;F;8/2/1944
262;Bianca Oliveira;F;7/6/1948
263;Tiago Pereira;M;12/14/1968
264;;F;7/29/1997
265;;M;2/7/1979
266;Tânia Pereira;F;6/23/1960
267;Maria Melo;F;8/9/1947
268;José Almeida;M;1/1/1939
269;;F;
270;;M;
271;Melissa Goncalves;F;3/17/1977
272;Paulo Alves;M;1/14/1937
273;Vitoria Rodrigues;F;1/3/1997
274;Gustavo Melo;M;9/24/1946
275;Diego Oliveira;M;11/12/1958
276;Luiz Oliveira;M;12/9/1960
277;Brenda Santos;F;
278;Matilde Dias;F;12/18/1950
279;Luís Silva;M;9/29/1955
280;Ryan Cavalcanti;M;4/2/1967
281;Giovana Cavalcanti;F;8/30/1972
282;Vitória Souza;F;6/19/1967
283;Amanda Barros;F;
284;Giovana Costa;F;9/28/1990
285;Gustavo Dias;M;6/2/1992
286;Kai Cavalcanti;M;6/11/1952
287;Luis Correia;M;12/25/1934
288;Victor Ribeiro;;12/17/1974
289;Júlia Carvalho;F;8/16/1952
290;Mateus Castro;M;3/18/1941
291;Clara Pinto;;12/25/1980
292;Leonor Oliveira;F;7/28/1986
293;Luís Barros;M;12/20/1981
294;Alex Santos;M;10/3/1987
295;Tiago Lima;;7/26/1973
296;Luís Sousa;M;3/3/2002
297;Kauê Oliveira;M;3/8/1956
298;Nicolash Araujo;M;7/18/1972
299;Vinícius Correia;M;6/24/1974
300;Isabela Souza;F;12/13/1995
301;Gabrielly Rocha;F;5/23/1961
302;Guilherme Cardoso;;3/9/1998
303;Clara Costa;F;4/18/1941
304;Amanda Santos;F;4/6/1980
305;Antônio Araujo;M;4/26/1952
306;Emily Castro;F;9/11/1952
307;Mateus Barros;M;2/21/1940
308;Leonardo Barros;M;9/5/1997
309;Diego Correia;M;9/17/1958
310;Yasmin Correia;F;8/18/1987
311;Daniel Souza;M;2/16/1978
312;Julian Araujo;M;10/5/1945
313;Larissa Cunha;F;9/15/1972
314;Diogo Santos;M;5/1/1995
315;Caio Ferreira;M;4/6/1991
316;Larissa Costa;F;9/16/1949
317;Thiago Martins;M;3/3/1952
318;Nicolash Cavalcanti;M;7/2/1949
319;Luan Alves;M;12/9/1985
320;Otávio Cardoso;M;10/14/1940
321;Júlio Dias;M;11/7/2002
322;Renan Goncalves;M;7/27/1990
323;Rafael Dias;M;3/3/1957
324;Letícia Fernandes;F;9/10/1951
325;Melissa Cavalcanti;F;6/6/1975
326;Gabrielly Alves;F;7/7/1981
327;João Sousa;M;9/6/1976
328;Julieta Sousa;F;8/12/1952
329;Yasmin Silva;F;7/31/1990
330;Matilde Goncalves;F;11/1/1948
331;Vitoria Castro;F;3/31/1987
332;Eduardo Almeida;M;10/28/1992
333;Renan Carvalho;M;9/17/1973
334;Leonor Barbosa;F;5/15/1964
335;Vitor Azevedo;M;4/9/1997
336;Matilde Pereira;F;10/6/1940
337;Manuela Castro;F;4/17/1960
338;Mariana Rodrigues;F;6/2/2001
339;Marisa Martins;F;11/8/1935
340;Alex Azevedo;M;11/5/1962
341;Kauan Rodrigues;M;9/20/1984
342;Lucas Lima;M;3/16/1947
343;Julia Lima;F;11/11/1981
344;Luan Barros;M;6/27/1970
345;Danilo Melo;M;11/8/1974
346;Arthur Oliveira;M;11/2/1961
347;Eduardo Martins;M;5/10/1959
348;Isabella Almeida;F;4/22/1969
349;Rebeca Rocha;F;11/20/1999
350;Giovanna Goncalves;F;9/17/1971
351;Fernanda Pinto;F;6/29/1945
352;Júlio Pinto;M;9/5/1965
353;Melissa Cavalcanti;F;7/12/1984
354;Daniel Pereira;M;8/4/1941
355;Júlio Cavalcanti;M;8/12/1995
356;Isabela Lima;F;2/9/1953
357;Laura Sousa;F;5/19/1974
358;Leila Carvalho;F;2/3/1985
359;Aline Correia;F;1/23/1986
360;Fernanda Rodrigues;F;4/25/1939
361;Vinicius Santos;M;3/21/1937
362;Thaís Goncalves;F;1/29/1981
363;Lara Pinto;F;12/14/1968
364;Luiza Souza;F;8/27/1998
365;Luiz Castro;M;5/23/1982
366;Marcos Rodrigues;M;8/18/1965
367;Leonor Santos;F;2/23/1985
368;Tiago Correia;M;4/2/1961
369;Ágatha Fernandes;F;10/14/1982
370;Melissa Pereira;F;2/21/1937
371;Gustavo Castro;M;2/18/1965
372;Emilly Ferreira;F;8/20/1970
373;Livia Pereira;F;7/28/1942
374;André Alves;M;8/3/1962
375;Renan Melo;M;12/10/1998
376;Isabela Lima;F;8/10/1941
377;Julia Correia;F;3/29/1935
378;Clara Azevedo;F;4/17/2003
379;Marina Ribeiro;F;10/7/1997
380;Bruno Cardoso;M;12/20/1950
381;Pedro Lima;M;10/25/1966
382;Luana Silva;F;7/3/1939
383;Sofia Ferreira;F;12/19/1999
384;Leila Costa;F;8/29/1988
385;Arthur Alves;M;3/13/1995
386;Beatriz Lima;F;4/25/1947
387;Eduardo Rocha;M;12/31/1979
388;Gabrielly Melo;F;9/9/1959
389;Marcos Rocha;M;2/4/1999
390;Diego Silva;M;7/21/1935
391;Kai Souza;M;2/6/1987
392;Miguel Rodrigues;M;7/8/1974
393;Gustavo Silva;M;1/4/1950
394;Sophia Costa;F;8/8/1985
395;Kauã Dias;M;6/15/1964
396;Gabriela Santos;F;4/27/2000
397;Estevan Cardoso;M;6/26/1975
398;Paulo Fernandes;M;5/4/1965
399;Gabriela Araujo;F;4/19/1977
400;Diego Carvalho;M;4/21/1955
401;Gabrielle Costa;F;11/24/2000
402;Clara Melo;F;2/12/1959
403;Carolina Cunha;F;4/29/1965
404;Igor Fernandes;M;8/5/1949
405;Bruno Oliveira;M;1/11/1936
406;Maria Carvalho;F;6/12/1972
407;Julian Costa;M;11/14/1966
408;Luan Alves;M;10/23/1956
409;Kaua Pereira;M;6/22/1988
410;Antônio Almeida;M;9/3/1981
411;Julieta Goncalves;F;1/14/1968
412;Pedro Oliveira;M;2/26/1996
413;Antônio Souza;M;11/23/1936
414;Kaua Pinto;M;1/5/1958
415;Nicolash Pinto;M;6/22/1989
416;Larissa Alves;F;5/7/1959
417;Leonor Almeida;F;1/31/1972
418;Kauan Ferreira;M;7/11/1950
419;Melissa Araujo;F;7/15/1999
420;João Correia;M;2/19/1984
421;Igor Cardoso;M;9/1/1998
422;Mariana Azevedo;F;4/23/1978
423;Letícia Cardoso;F;7/7/1961
424;Marcos Pereira;M;8/3/1986
425;Eduardo Cunha;M;6/17/2001
426;Sarah Sousa;F;6/13/1936
427;Kauã Cunha;M;7/16/1968
428;Leonardo Dias;M;7/7/1959
429;Vitór Rocha;M;10/14/1993
430;Luana Pinto;F;11/18/1985
431;Martim Cunha;M;7/2/1969
432;André Santos;M;6/25/1988
433;Luis Almeida;M;8/2/2003
434;Kaua Alves;M;6/15/1955
435;Kauã Cavalcanti;M;11/28/1991
436;Ana Correia;F;6/28/1952
437;Carla Araujo;F;9/13/2000
438;Manuela Barbosa;F;11/6/1976
439;Melissa Lima;F;10/23/1990
440;Eduardo Araujo;M;10/20/1937
441;Sarah Castro;F;2/8/1999
442;Livia Martins;F;10/30/1967
443;Arthur Rocha;M;7/4/1990
444;Mariana Almeida;F;12/15/1964
445;Giovanna Rodrigues;F;8/20/1982
446;Eduarda Souza;F;7/24/1954
447;Maria Costa;F;8/21/1947
448;Paulo Costa;M;12/13/1990
449;Diogo Correia;M;12/17/1998
450;Bruna Correia;F;9/15/1972
451;Igor Oliveira;M;9/13/1948
452;Laura Azevedo;F;2/10/1959
453;Júlio Martins;M;12/22/1996
454;Julieta Pereira;F;6/27/1946
455;Tomás Azevedo;M;3/5/1937
456;Fernanda Pinto;F;12/13/1987
457;Thaís Correia;F;9/29/1948
458;Sarah Ferreira;F;7/20/1939
459;Sophia Melo;F;3/9/1997
460;Camila Ferreira;F;11/5/1970
461;Rebeca Costa;F;10/14/1987
462;Isabelle Almeida;F;10/21/1998
463;Giovanna Costa;F;3/3/2002
464;Melissa Melo;F;6/4/1964
465;Nicole Lima;F;4/17/1962
466;Tomás Cardoso;M;8/7/1972
467;Lavinia Cunha;F;8/10/1964
468;Julieta Oliveira;F;8/30/1947
469;Matheus Costa;M;10/20/1941
470;Douglas Costa;M;12/27/1993
471;Clara Silva;F;9/26/1942
472;Melissa Silva;F;2/27/1972
473;Evelyn Cardoso;F;12/28/1972
474;Douglas Cardoso;M;1/11/1992
475;Kauan Melo;M;2/14/1986
476;Erick Alves;M;12/20/1994
477;Raissa Oliveira;F;3/5/1990
478;Matilde Souza;F;5/25/1995
479;Alex Correia;M;7/28/1969
480;Paulo Rocha;M;7/8/1965
481;Joao Azevedo;M;9/9/1941
482;Luiza Cardoso;F;8/3/1954
483;Enzo Goncalves;M;6/1/1938
484;Vinícius Alves;M;9/23/1948
485;Nicolash Goncalves;M;3/4/1952
486;Bruna Cunha;F;12/30/1979
487;Miguel Correia;M;12/20/1960
488;Júlia Castro;F;2/5/1981
489;Marisa Correia;F;12/29/1987
490;Marcos Araujo;M;3/20/1954
491;Nicolash Ribeiro;M;7/26/1961
492;Vinicius Sousa;M;1/5/2003
493;Ryan Pereira;M;2/8/1950
494;Samuel Goncalves;M;12/30/1964
495;Vitór Lima;M;1/20/1979
496;Rebeca Cavalcanti;F;4/27/2001
497;Leonardo Ribeiro;M;9/10/1942
498;Pedro Barbosa;M;8/2/1999
499;Luís Carvalho;M;5/4/1969
500;Kauê Cunha;M;12/5/1985
501;Daniel Goncalves;M;1/15/1967
502;Eduarda Costa;F;2/20/1958
503;Samuel Araujo;M;8/19/1982
504;Igor Rodrigues;M;6/29/1968
505;Marina Gomes;F;6/17/1991
506;Brenda Costa;F;1/9/1957
507;Isabela Ferreira;F;9/29/1981
508;João Alves;M;9/29/1990
509;Erick Martins;M;3/30/1973
510;Julieta Barros;F;6/17/1989
511;Arthur Almeida;M;5/25/1994
512;Diego Ribeiro;M;3/17/1998
513;Erick Barbosa;M;8/8/1973
514;Joao Souza;M;10/14/1939
515;Rafael Cavalcanti;M;5/11/1968
516;Emilly Martins;F;10/15/1955
517;Caio Barbosa;M;3/9/1958
518;Raissa Carvalho;F;7/7/1958
519;Lara Souza;F;7/31/1992
520;Gustavo Araujo;M;6/2/1973
521;Murilo Oliveira;M;9/21/1960
522;Bianca Martins;F;10/12/1938
523;Tânia Alves;F;12/7/1991
524;Tomás Oliveira;M;8/24/1974
525;Lucas Carvalho;M;6/17/1993
526;Diogo Melo;M;6/10/1951
527;Renan Cardoso;M;8/14/1977
528;Raissa Azevedo;F;8/8/1945
529;Giovanna Barros;F;12/24/1984
530;Beatrice Correia;F;3/19/1981
531;Breno Silva;M;10/17/2002
532;Daniel Alves;M;2/20/1970
533;Larissa Melo;F;8/17/1944
534;Carla Santos;F;10/5/1975
535;Cauã Fernandes;M;5/30/1982
536;Luana Alves;F;4/7/1995
537;Leila Melo;F;10/22/1989
538;Isabela Barros;F;9/23/1984
539;Rodrigo Cavalcanti;M;12/2/1970
540;Kauã Rodrigues;M;3/8/1938
541;Luís Pereira;M;8/24/1975
542;Nicole Barbosa;F;3/23/1935
543;Julieta Costa;F;6/18/1989
544;Pedro Sousa;M;6/19/1952
545;Matheus Rodrigues;M;10/28/1957
546;Clara Souza;F;11/19/1976
547;Kaua Fernandes;M;10/17/2001
548;Samuel Silva;M;10/22/1958
549;Daniel Sousa;M;1/9/1946
550;Larissa Ferreira;F;5/10/1983
551;Guilherme Azevedo;M;4/27/1977
552;Carlos Pereira;M;1/9/1973
553;Alex Castro;M;1/11/1993
554;Carla Ferreira;F;5/25/1989
555;Sarah Oliveira;F;8/17/1949
556;Luiza Ferreira;F;12/19/1997
557;Sofia Azevedo;F;6/3/1981
558;Mariana Castro;F;1/4/1983
559;Sarah Cardoso;F;12/13/2002
560;Mariana Alves;F;2/27/1952
561;Bianca Fernandes;F;10/16/1968
562;Lucas Pinto;M;9/3/1975
563;Yasmin Sousa;F;4/28/1981
564;Leonardo Barros;M;1/13/1993
565;Isabelle Dias;F;4/7/1978
566;Beatriz Sousa;F;3/19/1955
567;Mateus Cavalcanti;M;4/24/1957
568;Mariana Gomes;F;7/1/1958
569;Douglas Pinto;M;9/14/1982
570;Marina Araujo;F;2/18/1947
571;Enzo Melo;M;7/8/1947
572;Giovana Alves;F;2/6/1941
573;Tânia Pinto;F;10/22/1946
574;Leila Rocha;F;9/5/1968
575;Luiz Alves;M;9/4/1950
576;Bianca Ribeiro;F;3/29/1983
577;Eduardo Alves;M;1/1/1961
578;Melissa Ferreira;F;1/23/1961
579;Nicole Ferreira;F;11/3/1979
580;Breno Castro;M;2/8/1935
581;Igor Carvalho;M;11/30/1940
582;Vitor Correia;M;12/18/1951
583;Vinicius Cavalcanti;M;12/29/1981
584;Rodrigo Cunha;M;1/23/1991
585;Luiz Souza;M;4/16/1965
586;Aline Pinto;F;3/29/1994
587;Cauã Santos;M;4/19/1983
588;Luana Costa;F;1/5/1997
589;Emily Castro;F;5/11/1936
590;Samuel Carvalho;M;5/22/1995
591;Tânia Cardoso;F;6/10/1970
592;Alex Alves;M;5/4/1984
593;Fernanda Goncalves;F;6/13/1974
594;Bruno Almeida;M;9/6/1935
595;Matheus Alves;M;4/14/1972
596;Luiz Silva;M;5/4/1957
597;Luís Correia;M;1/20/1969
598;Fábio Cavalcanti;M;6/29/1985
599;Vinicius Barbosa;M;3/7/1943
600;Matheus Cunha;M;12/26/1994
601;Alex Ferreira;M;4/16/1989
602;Julieta Fernandes;F;11/20/1971
603;Murilo Martins;M;1/20/1972
604;Lucas Souza;M;8/18/1939
605;Alice Cunha;F;5/9/1985
606;Vitória Silva;F;10/18/1991
607;Luiza Costa;F;7/12/1978
608;Victor Costa;M;5/3/1979
609;Enzo Barros;M;3/2/1959
610;Mariana Lima;F;7/19/1960
611;Gabrielle Barros;F;10/3/1983
612;Vitor Costa;M;6/21/1989
613;Diego Azevedo;M;2/24/1981
614;Yasmin Sousa;F;8/11/1944
615;José Almeida;M;6/30/1971
616;Raissa Almeida;F;11/7/1989
617;Cauã Lima;M;3/20/1957
618;Julian Pereira;M;9/6/1969
619;Otávio Santos;M;6/8/1974
620;Lucas Cardoso;M;10/20/1941
621;Gabrielle Santos;F;3/28/1983
622;Luis Almeida;M;9/28/1973
623;Julieta Lima;F;1/14/1950
624;Bianca Pereira;F;9/7/1952
625;Melissa Ferreira;F;4/14/2000
626;Yasmin Silva;F;8/17/1954
627;Sophia Ribeiro;F;2/23/1970
628;Bianca Costa;F;12/26/1985
629;Isabella Cunha;F;7/17/1936
630;Bruno Rodrigues;M;6/14/1961
631;Laura Alves;F;3/12/1962
632;Victor Rocha;M;10/22/1970
633;Kaua Sousa;M;5/20/1952
634;Joao Melo;M;3/30/1970
635;Danilo Silva;M;5/30/1966
636;Lavinia Carvalho;F;8/21/1994
637;Cauã Cunha;M;9/24/1962
638;João Martins;M;7/22/1947
639;Vinicius Cardoso;M;12/10/1995
640;Rafaela Araujo;F;11/7/1981
641;Danilo Cavalcanti;M;7/11/1977
642;Kauê Cunha;M;4/1/1948
643;Otávio Sousa;M;1/4/1958
644;Clara Martins;F;5/1/1982
645;Emilly Rodrigues;F;6/18/1990
646;Murilo Carvalho;M;6/15/1962
647;Mariana Araujo;F;12/21/1984
648;Luan Araujo;M;8/20/2000
649;Daniel Carvalho;M;8/28/1968
650;Kaua Costa;M;3/12/1954
651;Diego Sousa;M;5/25/1979
652;Thaís Araujo;F;4/20/1986
653;Tomás Melo;M;5/3/1941
654;Isabella Correia;F;12/4/1937
655;Julian Dias;M;11/7/1964
656;Martim Cavalcanti;M;6/27/1978
657;Julieta Almeida;F;2/27/1971
658;Victor Martins;M;2/28/1985
659;Matheus Sousa;M;4/7/1944
660;Carlos Barros;M;7/17/2002
661;Livia Oliveira;F;1/18/1951
662;Laura Ribeiro;F;8/1/1960
663;Júlio Silva;M;2/18/1973
664;Marisa Melo;F;11/15/1962
665;Carolina Ribeiro;F;3/28/1969
666;Julieta Fernandes;F;9/4/2001
667;Emilly Oliveira;F;5/19/1944
668;Breno Pinto;M;6/26/1996
669;Davi Fernandes;M;3/12/1947
670;Tiago Cardoso;M;10/4/1955
671;Ana Goncalves;F;10/31/1999
672;Beatrice Carvalho;F;4/6/1988
673;Sophia Martins;F;1/25/1979
674;Luiza Lima;F;8/12/1985
675;Leila Castro;F;12/15/1989
676;Nicolash Melo;M;6/4/1999
677;Vinícius Barbosa;M;12/21/1956
678;Bruno Oliveira;M;3/10/1942
679;Beatriz Barbosa;F;12/25/1984
680;Julia Goncalves;F;8/22/1979
681;Vitor Barros;M;4/16/1952
682;Danilo Barbosa;M;5/13/1960
683;Kai Barbosa;M;9/29/1990
684;Danilo Cavalcanti;M;11/6/1965
685;Sarah Goncalves;F;9/19/1955
686;Danilo Ferreira;M;3/26/1973
687;Luan Costa;M;11/6/2001
688;Joao Melo;M;4/4/1960
689;Eduardo Alves;M;10/4/1948
690;Julieta Araujo;F;1/6/1982
691;Amanda Ribeiro;F;10/2/1952
692;Leila Costa;F;10/16/2000
693;Raissa Barbosa;F;6/20/1994
694;Guilherme Gomes;M;8/19/1995
695;Matheus Barros;M;11/21/1952
696;Gabriela Dias;F;10/9/1968
697;Luís Fernandes;M;4/3/1997
698;Murilo Santos;M;9/25/1949
699;Murilo Pereira;M;3/1/1971
700;José Pinto;M;7/26/1936
701;Camila Lima;F;4/14/1974
702;Arthur Gomes;M;4/24/1961
703;Marina Rocha;F;2/11/2002
704;Caio Cavalcanti;M;8/1/1979
705;Gabrielly Costa;F;4/20/1997
706;Sarah Barbosa;F;3/13/1939
707;Tânia Goncalves;F;10/31/1997
708;Camila Pinto;F;9/3/1988
709;Breno Ribeiro;M;11/28/1945
710;Vitór Souza;M;9/4/1983
711;Larissa Ferreira;F;1/23/1944
712;Mateus Almeida;M;4/16/1949
713;José Souza;M;9/4/1960
714;Samuel Barbosa;M;12/19/1948
715;Rafael Santos;M;5/15/1967
716;Julieta Castro;F;6/1/1996
717;Clara Alves;F;10/27/1989
718;Livia Azevedo;F;4/30/1980
719;Enzo Fernandes;M;4/18/1943
720;Leonardo Barbosa;M;1/6/1976
721;Clara Rodrigues;F;11/7/1999
722;Luiz Fernandes;M;7/5/1965
723;Evelyn Costa;F;6/26/1975
724;Paulo Goncalves;M;11/11/1979
725;Felipe Correia;M;7/29/1969
726;Vitoria Gomes;F;12/18/1990
727;Marcos Cunha;M;12/1/1985
728;Giovanna Silva;F;5/21/1942
729;Aline Cunha;F;5/24/1997
730;Erick Ferreira;M;6/5/1945
731;Otávio Silva;M;5/4/1986
732;Bruna Cunha;F;3/18/1950
733;Evelyn Cavalcanti;F;7/18/1970
734;Daniel Pereira;M;4/9/1988
735;Sofia Oliveira;F;10/23/1937
736;Marisa Rocha;F;6/13/1979
737;Carlos Gomes;M;12/13/1960
738;Alice Pereira;F;2/28/1986
739;Ana Silva;F;3/24/1979
740;Gabrielly Pereira;F;10/6/2002
741;Nicole Dias;F;12/13/1975
742;João Costa;M;1/26/2001
743;Gabrielly Barros;F;4/6/1946
744;Amanda Araujo;F;5/29/2002
745;Otávio Alves;M;9/8/1957
746;Aline Sousa;F;1/13/1964
747;Evelyn Castro;F;6/29/1945
748;Gustavo Almeida;M;5/12/1992
749;Evelyn Barros;F;3/7/1975
750;Alex Cunha;M;10/2/1983
751;Martim Azevedo;M;12/30/1970
752;Eduardo Melo;M;5/18/1966
753;Miguel Melo;M;8/15/1939
754;Vitór Souza;M;12/8/1968
755;Thaís Cardoso;F;1/28/1980
756;Cauã Melo;M;1/1/1938
757;Otávio Santos;M;5/7/1953
758;Carlos Almeida;M;3/10/1989
759;Laura Goncalves;F;9/3/1982
760;André Oliveira;M;2/10/1979
761;Bianca Goncalves;F;7/30/1978
762;Vinícius Goncalves;M;6/29/1958
763;Manuela Gomes;F;6/29/1961
764;João Rocha;M;10/17/1937
765;Victor Alves;M;6/21/1961
766;Sophia Almeida;F;6/18/1999
767;Lara Alves;F;3/1/1980
768;Evelyn Carvalho;F;9/25/1997
769;Rafaela Lima;F;4/7/1954
770;Beatrice Castro;F;6/25/1944
771;Renan Pereira;M;2/16/1948
772;Carolina Ferreira;F;7/31/1965
773;Gabriel Fernandes;M;3/5/1943
774;Mateus Castro;M;10/1/1945
775;Ana Barbosa;F;12/6/1935
776;Eduarda Melo;F;3/31/1976
777;Kauan Almeida;M;7/24/1976
778;Sofia Barbosa;F;4/21/1955
779;Larissa Ferreira;F;12/31/1991
780;Júlia Dias;F;2/27/1937
781;Kai Melo;M;2/22/1948
782;Tiago Ferreira;M;12/19/1938
783;Kauã Goncalves;M;8/24/1974
784;Matilde Goncalves;F;4/30/1938
785;Davi Dias;M;1/21/1965
786;Tânia Lima;F;12/26/1945
787;Kai Almeida;M;10/31/1969
788;Gabrielle Gomes;F;12/28/1968
789;Luis Ribeiro;M;2/8/1964
790;Larissa Sousa;F;12/20/2002
791;Cauã Azevedo;M;2/28/1938
792;Kai Barros;M;4/6/1960
793;Marcos Barbosa;M;10/27/1941
794;Gabriela Goncalves;F;5/26/1987
795;Carla Rocha;F;9/3/1980
796;Lavinia Correia;F;1/17/1937
797;Miguel Barros;M;11/2/1942
798;Evelyn Ferreira;F;1/2/1966
799;Leila Ferreira;F;5/19/2003
800;Isabella Sousa;F;3/2/1965
801;Laura Cardoso;F;5/15/1938
802;Sofia Barbosa;F;7/5/1984
803;Ágatha Carvalho;F;9/14/1998
804;Emilly Lima;F;7/15/2001
805;Gustavo Souza;M;5/21/1987
806;Júlia Ferreira;F;2/13/1941
807;Murilo Almeida;M;3/6/2000
808;Davi Rocha;M;7/8/1954
809;Manuela Goncalves;F;2/28/1949
810;Nicolas Dias;M;8/12/1992
811;Beatriz Pinto;F;12/11/1957
812;Diego Rodrigues;M;1/7/1938
813;Matheus Souza;M;11/25/1953
814;Felipe Dias;M;3/29/1992
815;Emily Almeida;F;9/21/1964
816;Julian Martins;M;11/6/1998
817;Kauan Azevedo;M;2/23/1958
818;Arthur Silva;M;3/9/1949
819;Rafaela Pinto;F;9/6/2002
820;Murilo Cunha;M;11/19/1979
821;Emily Santos;F;4/27/1979
822;Ágatha Cavalcanti;F;11/3/1958
823;Martim Castro;M;1/21/1955
824;Rafaela Sousa;F;5/21/1936
825;Joao Azevedo;M;9/11/1941
826;Brenda Cunha;F;8/19/1994
827;Alex Almeida;M;12/3/1984
828;Lara Fernandes;F;6/14/1957
829;Murilo Costa;M;1/25/1938
830;Otávio Dias;M;10/24/1974
831;José Barros;M;10/13/1967
832;Gustavo Cavalcanti;M;11/3/1982
833;Isabella Rocha;F;4/26/1990
834;Beatrice Correia;F;7/8/1938
835;Gabrielly Oliveira;F;10/9/1983
836;Laura Carvalho;F;11/2/1966
837;Bruna Oliveira;F;12/24/1951
838;Júlio Martins;M;7/7/1960
839;Breno Souza;M;12/25/1949
840;Maria Pinto;F;3/19/1981
841;Brenda Melo;F;4/17/2003
842;Luana Cavalcanti;F;8/29/1985
843;Nicolas Fernandes;M;6/11/1942
844;Eduardo Costa;M;8/2/1967
845;Luiza Cunha;F;11/10/1944
846;Pedro Martins;M;3/18/1995
847;Ágatha Oliveira;F;4/1/2001
848;Matilde Ribeiro;F;10/20/1988
849;Júlia Ferreira;F;10/29/1944
850;Vitória Rocha;F;6/27/1980
851;Luiza Barbosa;F;10/21/1970
852;Giovanna Pinto;F;8/11/1998
853;Otávio Barros;M;7/2/1972
854;Danilo Costa;M;2/20/1957
855;Isabela Melo;F;5/22/1991
856;Amanda Cunha;F;6/14/1948
857;Pedro Carvalho;M;8/21/1936
858;Fernanda Pinto;F;8/25/1960
859;Giovanna Lima;F;1/14/1977
860;João Barros;M;1/15/1980
861;Gustavo Almeida;M;2/15/1951
862;Daniel Gomes;M;8/2/1952
863;Leonor Santos;F;3/4/1968
864;Luan Fernandes;M;8/1/1942
865;Rafaela Silva;F;10/5/1937
866;Beatriz Sousa;F;7/3/1942
867;Vitoria Goncalves;F;12/24/1968
868;Camila Almeida;F;10/25/1961
869;Eduarda Costa;F;10/15/1937
870;Pedro Correia;M;3/13/1974
871;Julian Oliveira;M;6/9/1951
872;Luan Dias;M;2/10/1949
873;Bruna Silva;F;12/2/1943
874;Vinicius Oliveira;M;9/9/2003
875;Luís Pereira;M;10/26/1987
876;Camila Barbosa;F;10/14/2001
877;Sarah Silva;F;1/7/1999
878;Aline Azevedo;F;5/27/1962
879;Estevan Fernandes;M;6/5/1942
880;Ágatha Azevedo;F;7/23/1981
881;Julieta Goncalves;F;1/2/1963
882;Yasmin Carvalho;F;7/6/1978
883;Tânia Sousa;F;6/3/1997
884;Antônio Cardoso;M;10/1/1957
885;Felipe Ribeiro;M;1/13/1935
886;Bruna Sousa;F;8/14/1948
887;Matheus Rocha;M;10/6/1986
888;Melissa Castro;F;5/15/2002
889;Kauan Ferreira;M;8/28/1954
890;Vitór Carvalho;M;6/24/1986
891;Sofia Souza;F;7/8/1941
892;Isabela Souza;F;12/29/1997
893;Danilo Gomes;M;5/25/1962
894;Danilo Dias;M;5/23/1946
895;Rafael Azevedo;M;9/18/1975
896;Melissa Lima;F;2/24/1936
897;Enzo Goncalves;M;6/25/1964
898;Lavinia Azevedo;F;12/4/1999
899;Kauan Pinto;M;7/30/1961
900;Victor Ribeiro;M;12/24/1944
901;Martim Cunha;M;2/15/1940
902;Clara Gomes;F;7/6/1935
903;Bianca Santos;F;12/6/1964
904;Tiago Souza;M;11/8/2000
905;Clara Cunha;F;4/17/1950
906;Beatrice Oliveira;F;1/8/1960
907;Nicolas Azevedo;M;12/9/1985
908;Amanda Lima;F;3/18/1941
909;Gabrielle Azevedo;F;12/19/1971
910;Luiz Carvalho;M;4/17/1948
911;Beatriz Araujo;F;3/10/1935
912;Tiago Barbosa;M;1/4/1958
913;Vitor Martins;M;9/21/1941
914;Eduarda Cunha;F;12/10/1951
915;Beatriz Cardoso;F;3/13/1954
916;Arthur Rocha;M;9/22/1963
917;Eduarda Lima;F;10/28/1950
918;Sophia Cunha;F;6/27/1966
919;José Cardoso;M;6/25/1996
920;Camila Cunha;F;11/25/2000
921;Isabelle Martins;F;4/7/1973
922;Douglas Ferreira;M;12/14/1947
923;Otávio Ferreira;M;1/15/1964
924;Diego Gomes;M;1/27/1986
925;Vitor Barros;M;11/15/1954
926;Vitória Goncalves;F;10/9/1974
927;Enzo Goncalves;M;12/7/1967
928;Julian Sousa;M;7/1/1985
929;Felipe Castro;M;7/2/1965
930;Camila Castro;F;5/14/1948
931;Antônio Barbosa;M;4/9/1949
932;Davi Fernandes;M;3/13/1940
933;Bruna Cunha;F;9/11/1978
934;Vitória Barbosa;F;8/24/1941
935;Lucas Almeida;M;2/14/1936
936;Vitoria Azevedo;F;6/26/1937
937;Bianca Cavalcanti;F;1/26/2003
938;Vitoria Castro;F;3/5/1968
939;Amanda Martins;F;7/7/1958
940;Otávio Melo;M;3/27/1963
941;Pedro Pereira;M;4/3/1957
942;Bruno Gomes;M;8/29/1990
943;Vinícius Carvalho;M;2/4/1997
944;Igor Santos;M;2/15/1975
945;Bruna Oliveira;F;10/26/1972
946;Laura Souza;F;11/18/1995
947;Victor Lima;M;5/20/1935
948;Victor Pinto;M;8/12/1999
949;Luís Melo;M;6/16/1971
950;Thiago Barbosa;M;10/18/2003
951;Aline Oliveira;F;3/14/1959
952;Amanda Fernandes;F;7/27/1997
953;André Lima;M;3/2/2002
954;Júlio Alves;M;2/6/1949
955;Danilo Rocha;M;8/28/1980
956;Felipe Goncalves;M;3/27/1940
957;Ágatha Costa;F;6/22/1977
958;Aline Santos;F;7/1/1977
959;Isabelle Cardoso;F;3/31/1964
960;Camila Correia;F;12/29/1981
961;Tomás Lima;M;7/31/1989
962;Nicole Ferreira;F;5/10/1950
963;Carla Azevedo;F;11/22/1948
964;Clara Silva;F;3/19/1972
965;Caio Rodrigues;M;2/24/1967
966;Estevan Santos;M;11/11/1951
967;Leonardo Silva;M;12/6/1997
968;Carolina Azevedo;F;12/14/1973
969;Rebeca Sousa;F;3/11/1999
970;Danilo Santos;M;5/31/1983
971;Gabrielle Sousa;F;12/11/1957
972;Marina Lima;F;3/1/1952
973;Samuel Ferreira;M;7/2/1960
974;Bruno Pinto;M;7/6/1974
975;Leonardo Barbosa;M;6/26/1944
976;Emily Correia;F;3/10/1951
977;Vinicius Oliveira;M;5/17/1985
978;Enzo Lima;M;8/17/2000
979;Eduarda Almeida;F;5/30/1965
980;Livia Pinto;F;10/16/1974
981;Igor Azevedo;M;3/19/1999
982;Carolina Rodrigues;F;11/2/1942
983;Otávio Pereira;M;8/8/1950
984;Carolina Almeida;F;9/16/1953
985;Martim Cavalcanti;M;8/27/1955
986;Alice Melo;F;8/2/1967
987;Beatriz Cardoso;F;7/17/1984
988;Martim Silva;M;2/10/2003
989;Thiago Correia;M;12/31/1999
990;Julia Castro;F;9/12/1971
991;Diogo Melo;M;7/24/2001
992;Julia Barbosa;F;12/23/1959
993;Marcos Castro;M;5/24/1984
994;Eduardo Costa;M;12/18/1963
995;Ágatha Pereira;F;12/24/1939
996;Ágatha Ribeiro;F;2/8/1946
997;Laura Oliveira;F;6/15/1979
998;Lara Oliveira;F;3/15/1946
999;Julian Cunha;M;6/20/1994
1000;Gustavo Barbosa;M;12/30/1975
